<?xml version="1.0" encoding="UTF-8"?>
<project-private xmlns="http://www.netbeans.org/ns/project-private/1">
    <editor-bookmarks xmlns="http://www.netbeans.org/ns/editor-bookmarks/2" lastBookmarkId="0"/>
    <open-files xmlns="http://www.netbeans.org/ns/projectui-open-files/2">
        <group>
            <file>file:/C:/Users/heman/OneDrive/Desktop/js/back/MULTISPECILITY_HOSPITAL_SOLAPUR%20(2)/safeBackup/MULTISPECILITY_HOSPITAL_SOLAPUR/src/multispecility_hospital_solapur/LOGIN_FORM.java</file>
            <file>file:/C:/Users/heman/OneDrive/Desktop/js/back/MULTISPECILITY_HOSPITAL_SOLAPUR%20(2)/safeBackup/MULTISPECILITY_HOSPITAL_SOLAPUR/src/multispecility_hospital_solapur/DOCTOR/OPD.java</file>
            <file>file:/C:/Users/heman/OneDrive/Desktop/js/back/MULTISPECILITY_HOSPITAL_SOLAPUR%20(2)/safeBackup/MULTISPECILITY_HOSPITAL_SOLAPUR/src/multispecility_hospital_solapur/NEW_PATIENTS.java</file>
            <file>file:/C:/Users/heman/OneDrive/Desktop/js/back/MULTISPECILITY_HOSPITAL_SOLAPUR%20(2)/safeBackup/MULTISPECILITY_HOSPITAL_SOLAPUR/src/multispecility_hospital_solapur/splash_screen.java</file>
            <file>file:/C:/Users/heman/OneDrive/Desktop/js/back/MULTISPECILITY_HOSPITAL_SOLAPUR%20(2)/safeBackup/MULTISPECILITY_HOSPITAL_SOLAPUR/src/multispecility_hospital_solapur/use/GetConnection.java</file>
            <file>file:/C:/Users/heman/OneDrive/Desktop/js/back/MULTISPECILITY_HOSPITAL_SOLAPUR%20(2)/safeBackup/MULTISPECILITY_HOSPITAL_SOLAPUR/src/multispecility_hospital_solapur/DOCTOR/Main.java</file>
            <file>file:/C:/Users/heman/OneDrive/Desktop/js/back/MULTISPECILITY_HOSPITAL_SOLAPUR%20(2)/safeBackup/MULTISPECILITY_HOSPITAL_SOLAPUR/src/multispecility_hospital_solapur/ADMIN/Wards.java</file>
            <file>file:/C:/Users/heman/OneDrive/Desktop/js/back/MULTISPECILITY_HOSPITAL_SOLAPUR%20(2)/safeBackup/MULTISPECILITY_HOSPITAL_SOLAPUR/src/multispecility_hospital_solapur/ADMIN/ADMIN.java</file>
            <file>file:/C:/Users/heman/OneDrive/Desktop/js/back/MULTISPECILITY_HOSPITAL_SOLAPUR%20(2)/safeBackup/MULTISPECILITY_HOSPITAL_SOLAPUR/src/multispecility_hospital_solapur/fileupload.java</file>
            <file>file:/C:/Users/heman/OneDrive/Desktop/js/back/MULTISPECILITY_HOSPITAL_SOLAPUR%20(2)/safeBackup/MULTISPECILITY_HOSPITAL_SOLAPUR/src/multispecility_hospital_solapur/DOCTOR/DISCHARGE.java</file>
            <file>file:/C:/Users/heman/OneDrive/Desktop/js/back/MULTISPECILITY_HOSPITAL_SOLAPUR%20(2)/safeBackup/MULTISPECILITY_HOSPITAL_SOLAPUR/src/multispecility_hospital_solapur/DOCTOR/WARD.java</file>
        </group>
    </open-files>
</project-private>
